Name, Visits, Twitter, Discord, YouTube, Roblox group
Simulateur de Ruche,"2,560,213,145",https://twitter.com/OnettDev,https://discord.gg/bee,https://youtube.com/channel/UCKevc-tX3tpddHg6NbTjrPQ,
BSSG,"1,198,543",,https://discord.gg/TzxePHUXVQ,,
Simulateur d'abeilles,"687,060",,https://discord.gg/9GqmssRahf,,
[X2 EVENT] Bee Swarm Simulator X,"116,056",,https://discord.gg/8pCq4HBDwb,,
Lieu de rencontre de l'essaim d'abeilles,"1,512,562",,https://discord.gg/9p9pYfryAw,,https://www.roblox.com/groups/10850650
[Exp√©rience Or] Stand Sakura,"171,843,022",,https://discord.gg/sakurastand,,
Heaven Stand : Rework [In-dev],"4,024,742",,https://discord.gg/d5tXJw2B3r,,
[UPDATE] Heaven : Stand,"14,939,840",,https://discord.gg/d5tXJw2B3r,,
Un temps universel 3.0,"660,993,054",https://twitter.com/kur_Development,https://discord.gg/aut,,https://www.roblox.com/groups/6556072
Cursed Arena,"54,062,041",,https://discord.gg/BVpjUpE8Qf,,
Curse Battlegrounds,"5,320,635",,https://discord.gg/7jh2u3sbZ7,,
[HAKARI + HUGE UPDATE] Sukuna Battlegrounds,"1,913,836",,https://discord.gg/2RR5JrCksW,https://youtube.com/channel/UC8yNRI0st_9iel0LA6Wyw-g,
[MISE √Ä JOUR 0.5] VERROUILL√â,"8,721,107",,https://discord.gg/uVG8Pju5XY,,
[BETA] META LOCK,"7,420,828",,https://discord.gg/u2xD3zNMuM,,https://www.roblox.com/groups/32054827
[IMPACT] Striker ODYSSEY,"25,626,282",,https://discord.gg/strikerodyssey,https://youtube.com/channel/UCKYJu3BqV7cXyRUGlcYD7nQ,https://www.roblox.com/groups/16992334
[CC RELEASE] Jeu de verrouillage bleu sans titre,"2,122,899",,https://discord.gg/ublg,,
Nouvelle ligue de soccer,"56,759,105",https://twitter.com/awsninjagames,https://discord.gg/nsl,,
Projet Smash,"24,560,634",https://twitter.com/tinyponds,https://discord.gg/projectsmash,,
[Ma√Ætrise] Z Battlegrounds,"186,513,277",,https://discord.gg/ZBATTLEGROUNDS,,
Champs de bataille des h√©ros,"164,093,457",,https://discord.gg/cAmgPYBPzJ,,
[MAP + UPDATE] Ki Battlegrounds,"1,461,608",,https://discord.gg/kibattlegrounds,,
Ninja Battlegrounds [Early Access],"1,779,847",https://twitter.com/LDGStudios,https://discord.gg/lightningdragon,https://youtube.com/channel/UCjb2w_zo8WmyD3buW_1UJlw,
[SANJI] Pirate Battlegrounds [PRE-ALPHA],"17,799,001",,https://discord.gg/pbg,,
Champs de bataille des mers,"21,596,345",https://twitter.com/jers_e,https://discord.gg/seasbg,,
L'exp√©rience de la pr√©sentation,"323,005,396",https://twitter.com/minimalgamesX,https://discord.gg/A4g9DxfZt9,,https://www.roblox.com/groups/12564376
Spray Paint! (Peinture en A√©rosol),"864,857,496",,https://discord.gg/spraypaint,,https://www.roblox.com/groups/2632146
[üé•√âPISODE 2] Twilight Daycare,"2,033,114,426",https://twitter.com/gamefamstudios,https://discord.gg/dVbcQFR,https://youtube.com/channel/UCT7c9nz7F6xbyncBOzOp6Bw,
[ELDERLY!] Maple Hospital,"947,502,411",https://twitter.com/Nezwo1,https://discord.gg/marizma,,
F√äTE DüéâANIMAUX üéâ,"305,435,368",,https://discord.gg/ch3MVPxFDr,https://youtube.com/channel/UC6moLQPuPJqKVX2be7SZuTA,https://www.roblox.com/groups/8327387
Obby facile √† cultiver,"259,549,892",https://twitter.com/EGrowObby,https://discord.gg/n8GWd5TX9A,,
Obby mais tu ne peux pas sauter,"223,636,813",,https://discord.gg/6M9w8Vx9QN,,
Adopte Moi !,"35,383,936,557",https://twitter.com/PlayAdoptMe,https://discord.gg/adoptme,https://youtube.com/channel/UCVdPM7Dgxm3cHXM2ro__bUg,
Cr√©ateur d'Avatar de Catalogue,"1,870,071,006",https://twitter.com/MuneebParwazMP,https://discord.gg/AC5MtgeHxJ,,https://www.roblox.com/groups/15102943
[ALLEZ-Y! | UGC GRATUIT] üï∫ TTD 3,"1,015,726,334",https://twitter.com/EmotesCorp,https://discord.gg/TTD,,https://www.roblox.com/groups/5446074
PLS DONATE üí∏,"2,036,147,460",https://twitter.com/haz3m_,https://discord.gg/hazem,https://youtube.com/channel/UCs1WAF7enRyS6ZhfaS3yH4g,
artistes affam√©s (JEU DE DON),"365,359,385",https://twitter.com/DoubleBandits,https://discord.gg/doublebandit,,https://www.roblox.com/groups/13751258
Doubler üé≤,"22,411,935",https://twitter.com/WindburstBanana,https://discord.gg/jmgYEKc9ha,,https://www.roblox.com/groups/13657923
Pls Wait Donations üò¥,"4,811,940",,https://discord.gg/J5jpKBXfjP,,https://www.roblox.com/groups/32815300
(NEW) üí∏Ultimate Donations (Donation game!‚≠ê),"601,523",https://twitter.com/UltimateDonos,https://discord.gg/UDpJkRAE,,
200 Players Donate Game,"533,103",,https://discord.gg/dCb647TfnQ,https://youtube.com/channel/UCUSoWInaCQO5zMIk5lPwkHQ,
PLS DONATE üí∞,"2,083,274",https://twitter.com/Artvor228,https://discord.gg/qep3U7dmWn,,https://www.roblox.com/groups/32621201
(‚ùÑÔ∏è) Donation Battles ‚öîÔ∏è,"1,947,312",https://twitter.com/eddmxn,https://discord.gg/EhtYQHxJRm,,
PLS JUDGE üí∏ (Jeu de dons!),"6,194,816",https://twitter.com/outofrobux,https://discord.gg/pls-judge-community-1042442913336012921,https://youtube.com/channel/UC8wuHM0_FSK66ZbnZaU7QkA,
Avatar Island üå¥ (Jeu de don de tenue),"12,377,328",https://twitter.com/reppens_,https://discord.gg/NFtmht6kEk,,https://www.roblox.com/groups/16253143
Donner la Roulette üí∏,"1,147,941",https://twitter.com/SixEightJakey,https://discord.gg/GhwsPH4ueF,,https://www.roblox.com/groups/17386019
–†–£–°–°–ö–ò–ô –ü–õ–ò–ó –î–û–ù–ê–¢,"1,014,089",,https://discord.gg/xyF2fsSq7R,,https://www.roblox.com/groups/33080471
[–û–ë–ù–û–í–ê] –ü–ñ –î–û–ù–ê–¢ üí∏,"1,507,015",,https://discord.gg/winterfamily,,
Donate Me üí∏ [UPDATE],"110,461,441",https://twitter.com/LionlyStudios,https://discord.gg/vHnFJtDWnD,,https://www.roblox.com/groups/8296978
Faire un don üí∏,"58,390,179",https://twitter.com/xbutterfliess,https://discord.gg/ftfsFnY2RR,,
Brookhaven üè° RP,"42,877,005,179",https://twitter.com/WolfpaqGames,https://discord.gg/wolfpaqgames,,
Pet Simulator 99! (Fran√ßais),"606,959,306",https://twitter.com/BuildIntoGames,https://discord.gg/invite/biggames,https://youtube.com/c/BuildIntoGames,
Pet Simulator X! üêæ,"8,642,218,652",https://twitter.com/BuildIntoGames,https://discord.gg/invite/biggames,https://youtube.com/c/BuildIntoGames,
[ üçÄ 1M] Vieux simulateur d'animal de compagnie X! üêæ,"1,626,200",https://twitter.com/CreepyPSZ,https://discord.gg/creepygames,https://youtube.com/channel/UCeQUNjibD870MxuIqrd1akQ,
[ /E PET ME ] - Pet Simulator X! üêæ,"1,772,252",,https://discord.gg/tG6bGJVzdx,https://youtube.com/channel/UCJ1qfzUFV8oUOXroPGHYxXQ,https://www.roblox.com/groups/33726513
[ EASY TITANIC ] Pet Simulator X is BACK!,"273,548",,https://discord.gg/tG6bGJVzdx,https://youtube.com/channel/UCJ1qfzUFV8oUOXroPGHYxXQ,
[ NEW ] Pet Simulator X!,"151,405",,https://discord.gg/tG6bGJVzdx,https://youtube.com/channel/UCJ1qfzUFV8oUOXroPGHYxXQ,
[ üå∏ PARTIE 2!] Vieux simulateur d'animal de compagnie X! üêæ,"2,362,424",,https://discord.gg/oldpsx,,
[ Emoji üòÄ] Pet Simulator X!,"1,536,009",,https://discord.gg/73sjWGSXng,,
[PIGGYüê∑] Pet Simulator W! üêæ,"570,702",,https://discord.gg/xK9QpD7Tw7,,
[FREE PETS] Pet Simulator 99 Modded! üéâ,"592,322",,,,https://www.roblox.com/groups/33545440
Happy Pet Gameüêæ,"183,523",,https://discord.gg/7TYt7m8fBX,https://youtube.com/channel/UCCkKxHy5oXx1EylKqDTx1_A,
Teleport To Happy Pet Games Sandbox!üêæ,"138,610",,https://discord.gg/7TYt7m8fBX,,
[‚ù§] PET SIMULATOR Z! üêæ,"196,200",,https://discord.gg/qfeMdTydtF,,
üëæ Old Pet Simulator X!üêæ,"156,201",,https://discord.gg/5EtXRyJnbn,,https://www.roblox.com/groups/33606510
[üò∫EVENT] OG Pet Simulator X!üêæ,"83,102",,https://discord.gg/PxADXWEGn9,,
Pet Simulator Devs [‚ùìLucky Blocks! ],"465,703",,https://discord.gg/KKYK9BkvzH,,
[ü™ô Update] Pet Simulator Z! üêæ,"1,699,310",,https://discord.gg/5P6h6H84Ku,,
[üéâFREE TITANICS] Pet Simulator Z!,"588,330",,https://discord.gg/RZzVku9eyR,,
[BLADE MASTER] Les champs de bataille les plus forts,"3,087,913,614",,https://discord.gg/uwfKcwafV5,,https://www.roblox.com/groups/12013007
Balle √† lames,"3,002,385,604",https://twitter.com/Blade_Ball,https://discord.gg/7Hn9MzVDmA,https://youtube.com/channel/UCPttFx0zI4Zv9M4i3Q2ylsw,
Murder Mystery 2,"13,444,760,546",https://twitter.com/nikilisrbx,https://discord.gg/pnpbbtZ,https://youtube.com/c/Nikilis,
Welcome to Bloxburg,"8,264,963,483",https://twitter.com/heybloxburg,,,
Dress To Impress ‚òÜ,"121,507,647",,https://discord.gg/dresstoimpress,,https://www.roblox.com/groups/17264167
Drame total de Roblox,"428,281,514",https://twitter.com/Mojouee,https://discord.gg/mojosgames,,
Drame total Roblox [D√âFIS FINALS],"11,132,094",https://twitter.com/valtkins,https://discord.gg/Un4YWWk,,
Challenge Extreme,"405,360",https://twitter.com/Mojouee,https://discord.gg/mojosgames,,
Le d√©fi: Roblox,"1,192,218",https://twitter.com/hwg_roblox,https://discord.gg/6DNK2bGGKK,,
[ASSASSIN!] Avis d'expulsion,"172,194,720",https://twitter.com/GodzGalaxy_,https://discord.gg/v9BtU9Q,,
üå¥ Outlaster,"248,806,144",https://twitter.com/Repotted_,https://discord.gg/v9BtU9Q,,
Tour d'√©limination,"214,519,556",https://twitter.com/jambegames,https://discord.gg/7sJkbDu,,
Sanctuaire du sacrifice,"110,690,896",https://twitter.com/Zelnus_,https://discord.gg/AGEf48M,,
üí™ Ninja Warrior Rewind,"15,708,991",https://twitter.com/FlyingFrets,https://discord.gg/Ndnuw3a,,https://www.roblox.com/groups/5350733
üèÅ Guerrier Ninja Rewind Versus,"762,830",,https://discord.gg/Ndnuw3a,,https://www.roblox.com/groups/5350733
Obby Royale,"8,035,938",https://twitter.com/masterdanrbx,https://discord.gg/QuZXD5pxDC,,https://www.roblox.com/groups/4295060
Master's Difficulty Chart Obby,"77,757,819",https://twitter.com/masterdanrbx,https://discord.gg/aWAqjcNVaw,,https://www.roblox.com/groups/4295060
Diagramme de Difficult√© des D√©c√®s Limit√©s Obby,"15,618,794",https://twitter.com/MasterDanRBX,https://discord.gg/bM4xEA8VX9,,https://www.roblox.com/groups/4295060
üòá Tableau de difficult√© de Robl0x Obby,"7,578,078",,,,https://www.roblox.com/groups/4661041
[vente] Diagramme de Difficult√© Enveloppe Aio Ïû•Ïï†s Obby,"12,022,113",,https://discord.gg/wPmVxvCcYb,https://youtube.com/c/Ineedashower/featured,https://www.roblox.com/groups/9753529
[FINALE] Diagramme de difficult√© de Poly Obby,"1,955,761",,https://discord.gg/d3PqVaX,,
[DCO] Charte de Difficult√© d'Endor Obby 2 Remastered,"743,591",,https://discord.gg/invite/Qj4CnJjxK2,https://youtube.com/c/EndorZone,
Tableau de difficult√© de Diamond's Wraparound Obby,"13,105,321",,https://discord.gg/3PzfDG8VVz,https://youtube.com/channel/UCXlmZJWpKu5oUQi0tzpJrvA,https://www.roblox.com/groups/7977217
(NOUVEAU) Diagramme de difficult√© √† deux Obby,"5,948,772",,https://discord.gg/9URa6rYvs2,,
Cly's Difficulty Chart Obby!,"1,117,388",,,,https://www.roblox.com/groups/32823579
[üá´üá∑ EN FRAN√áAIS] Xno's Difficulty Chart Obby,"439,410",https://twitter.com/Wolfite_,https://discord.gg/DvANH6hdCk,,https://www.roblox.com/groups/15323424
The Very Impossible Obby,"657,707",,https://discord.gg/NCaT2NC,,
The Almost Unbeatable Obby,"2,189,824",https://twitter.com/TinyGecko920,,https://youtube.com/c/TinyGecko,https://www.roblox.com/groups/14111482
The Impossibly Difficult Obby,"1,382,821",https://twitter.com/SpacemaxDev,https://discord.gg/yc9KaSeUCh,,https://www.roblox.com/groups/15424484
Truss Per Difficulty Chart Obby,"2,148,983",https://twitter.com/SpacemaxDev,https://discord.gg/yc9KaSeUCh,,https://www.roblox.com/groups/15424484
Diagramme de glitch par difficult√© d'Aqua Obby,"946,141",,https://discord.gg/WSvNRVjc,,
Dqrk's Glitch Per Difficulty Chart Obby,"5,924,231",,,,https://www.roblox.com/groups/14537487
Diagramme de Glitch par Difficult√© de Halo Obby,"309,113",,,https://youtube.com/channel/UCefnvi_4g4N17j2l9I3J84A,https://www.roblox.com/groups/16637452
[UPDATE] Ved's Glitch Per Difficulty Chart Obby,"413,102",,https://discord.gg/x5Krgp9P7G,,https://www.roblox.com/groups/33028147
BedWars üåü [LUCKY BLOCK],"8,433,466,527",https://twitter.com/robloxbedwars,https://discord.gg/ZrxgX9QBvH,https://youtube.com/channel/UCj8dFFfVy9k_NT95aKWSPhw,
H√©ritage du Roi,"2,799,075,173",https://twitter.com/PlayKingLegacy,https://discord.gg/4pvvsCB,,
üéÑHAZE PIECE,"147,220,800",https://twitter.com/TyrantHaze,https://discord.gg/hazepiece,https://youtube.com/channel/UCtqa-vsjgKYhQA99nF9izag,
[100M! FRUIT DE GAZ] UN FRUIT,"106,796,179",https://twitter.com/BOSS_STUDIORBLX,https://discord.gg/onefruit,https://youtube.com/channel/UCgexJYgcDO8NssFIs9QCUdQ,
[üê≤DRAGON + x800] Piece Simulator,"1,326,418",,https://discord.gg/zpiece,,
[X2 Nuage Rouge ] Fruits Ro 2 [BETA ],"3,360,682",,https://discord.gg/ekNXvCj298,,
[ üí∞ 2X CASH] Pi√®ce d'aventure,"908,457",,https://discord.gg/CHa5G8q25V,https://youtube.com/channel/UCrs3j9-jUT6SaBV3eQuo53g/featured,https://www.roblox.com/groups/6376938
[UPD 3 üåë ] H√©ritage des pirates,"3,554,680",https://twitter.com/straphoss,https://discord.gg/piratelegacy,,https://www.roblox.com/groups/12580331
[GEAR 2 + RUBBER]Piecetales,"162,954",https://twitter.com/Swift7725,https://discord.gg/MFf7ThCaqz,https://youtube.com/channel/UCyYRBcn2jRUBtw7twsPrI-g,
[CODES + üìà ] Un jeu d'une pi√®ce,"279,992,248",,https://discord.gg/bosstudio,,
[SOLO LEVELING] Esprits Anime,"8,328,648",https://twitter.com/Taklaman1,https://discord.gg/taklaman,https://youtube.com/channel/UCiU7C_vqGPj7QbcoZQJqomQ,
[ üî•Sukuna Awk] Pi√®ce Z,"8,592,141",,https://discord.gg/zpiece,,
[Mise √† jour 13.5 üéÜ ] D√©fense de la tour du monde anime,"100,481,034",,https://discord.gg/paFUufx8e8,https://youtube.com/channel/UCGbTkkr39tpWmGbVsiI9Ktw,
[MISE √Ä JOUR 1.5] D√©fenseurs du multivers,"10,082,666",https://twitter.com/System_Arts,https://discord.gg/multiversedefenders,https://youtube.com/channel/UC8pIC5BPOA2u_i4Ak8SwWsQ,
Era des Grimoires [RELEASE],"4,216,287",,https://discord.gg/gamefunzy,,
[ üéÆ ] BETA en ligne de RoBending,"2,372,763",,https://discord.gg/robending,,
ùóôùó•üååAnime Dimensions,"1,139,298,419",https://twitter.com/coolbullsAS,https://discord.gg/animedimensions,,
[NOUVELLE VERSION CI-DESSOUS] SOLO BLOX LEVELING,"6,865,232",,https://discord.gg/5EEktMXFdf,,
[üêù The Bees History] ‚òÅÔ∏è Brings Hub üåô,"59,128",,https://discord.gg/brings-879646197768405002,,
LifeTogether üè† RP [UPD15],"257,335,360",https://twitter.com/Rhyles_,https://discord.gg/lifetogether,,
Seaside RPüè°üå¥,"18,523,991",,https://discord.gg/bsdxDBF4JB,,
Baybrook üè† RP,"13,410,005",https://twitter.com/PlayBaybrookRP,https://discord.gg/bSwbr6Thvv,,https://www.roblox.com/groups/16694226
KeyWest üè† RP,"20,156,880",,https://discord.gg/Rxe3cGJB47,,
‚ù§Ô∏è √âV√âNEMENT UGC ‚ù§Ô∏è RP de Seaboard City üè°,"388,707,138",https://twitter.com/SharkFStudios,https://discord.gg/33fHhcES,,https://www.roblox.com/groups/3751488
[üéπGame] Bilberry Cityüè†RP,"40,353,330",,https://discord.gg/XFyCK77xUZ,,https://www.roblox.com/groups/32685798
SimToLife üè† RP,"97,328,568",,https://discord.gg/uYM6rVe4An,https://youtube.com/channel/UCsGRzKZ179QUL9zujQ6VSag,https://www.roblox.com/groups/8851565
Paradis üè† RP,"153,969,607",https://twitter.com/PearRBX,https://discord.gg/8wgvGJRQgP,,
Parc √† th√®me jouable Livetopia üé† UPD3,"4,233,497,027",https://twitter.com/livetopiagame,https://discord.gg/fW9VAsUfQV,https://youtube.com/c/livetopia,
Family Rp Dream Topia Adopt Paradise Roleplay Kids,"215,115,741",https://twitter.com/AstraStud,,,https://www.roblox.com/groups/4584635
RoBuddies! [FRAN√áAISüéâ],"75,351,649",https://twitter.com/protori_,https://discord.gg/Pj9CkkrTNA,https://youtube.com/protori,
üè†Live Life Rich and Famous in Paradise!,"78,390,528",,https://discord.gg/naknJUVNfa,https://youtube.com/channel/UCkjmlwbD1bTtcmurHxYCwkQ,https://www.roblox.com/groups/5077000
üé•[SKINS] Tower Defense Simulatorüé•,"3,083,004,611",https://twitter.com/paradoxum_games,https://discord.gg/tds,,
[TOXICNATEUR] D√©fense de la tour X: BETA,"85,401,303",https://twitter.com/TowerDefenseX,,,
Maintenance üî®,"724,161",,https://discord.gg/Nqun8zC7FU,,https://www.roblox.com/groups/33490741
üïí[Maintenance] Vintage TDS,"1,141,782",,https://discord.gg/tntkatCjH6,,
üí• [Bient√¥t] üî® Retro TDS,"18,447,415",,https://discord.gg/CwrxBmbVWK,,
Jeu de morph TDS ordinaire,"10,419,479",,https://discord.gg/ZYHsVhhPHf,https://youtube.com/channel/UCdeEHKQWTu1mFZy5A2VrIFQ,https://www.roblox.com/groups/7887989
{WINTEREVENT} TDS:RP d'origine,"14,722,964",,https://discord.gg/9Q5JxRyxJP,https://youtube.com/channel/UCdAuw2qCnt-4LHBfC76zWng,
The Battle Bricks: Totally Accurate Roleplay Game,"493,813",https://twitter.com/ParalleIStudios,https://discord.gg/jDQeyAYGNp,https://youtube.com/channel/UCzInjix9oX5iFXFVcX01Stw,
The Battle Bricks: Bricks & Bullets,"164,659",,https://discord.gg/KTNhySWpZh,,
[SOULFUSE] TBB:PVP,"277,493",,https://discord.gg/YFqgZRTMxt,,
RAIGFORCE,"1,415,077",,https://discord.gg/fqCK84yUqQ,,https://www.roblox.com/groups/9835935
Les briques de bataille,"5,801,010",,https://discord.gg/fqCK84yUqQ,,https://www.roblox.com/groups/9835935
[Event] Fight Bosses From DIfferent Games,"228,826",,https://discord.gg/jrb8u7rqVU,,
Combats de boss de raid,"559,736",,,https://youtube.com/Kazdumb/featured,https://www.roblox.com/groups/11862704
[Mise √† jour] Batailles de tours: Front de bataille,"31,272,175",,https://discord.gg/M6HGUQESxZ,,
Batailles de tours üéÉ,"596,811,945",,https://discord.gg/tbc,,https://www.roblox.com/groups/3404390
Blitz de la tour,"114,160,566",https://twitter.com/LordCatFood,https://discord.gg/tbz,,
Noobs en combat [v5.3],"116,717,316",,https://discord.gg/zv7b6y88dW,,
VaniTS v4.9.8a,"4,164,017",,https://discord.gg/Ehm3hCvfkz,,
RP militaire miniature,"896,982",,https://discord.gg/K266n3nh5h,,
[F3X] Construis ta base et tes troupes,"6,065,068",,https://discord.gg/7vnx8SH4tp,,https://www.roblox.com/groups/5277403
Mannequins vs Noobs,"36,299,882",,https://discord.gg/HP8sqXA4pD,,https://www.roblox.com/groups/12079514
Initiation au combat,"3,194,792",,https://discord.gg/GNrZD8GW2v,,https://www.roblox.com/groups/32454792
"‚ò£Ô∏è RE:Infected [Bient√¥t disponible, Tests publics]","1,557,331",,https://discord.gg/Q4CXKgv6uV,,
Hiver en d√©composition,"23,662,992",,https://discord.gg/yXDnKzzm7d,https://youtube.com/channel/UCDJDGHM4JvZ9jXZl_7eswyQ,
Contact: A-888,"4,794,808",,https://discord.gg/jbZ5njnTaU,,
Activit√©s Anormales: Directive √âquinoxe,"3,425,910",,https://discord.gg/jbZ5njnTaU,,
Chairs & Poudres √† Canon,"40,213,681",https://twitter.com/gutsblackpowder,https://discord.gg/gutsandblackpowder,,
Sang et Fer,"79,857,884",,https://discord.gg/bloodandiron,,
CENTAURA,"10,291,918",https://twitter.com/centauraworld,https://discord.gg/hMbf3hU,,https://www.roblox.com/groups/8099975
Choc d'obus [Alpha 1.4.2],"11,318,123",,https://discord.gg/YGEe4zfeTq,https://youtube.com/channel/UCcTYaEbzYJJYm94goJf-Riw,https://www.roblox.com/groups/9407985
MORT DEVANT,"11,136,133",,https://discord.gg/hMbf3hU,,https://www.roblox.com/groups/8099975
[ALPHA 1.6.1] Frontline: Karelia 40 - 44,"6,255,185",,https://discord.gg/FGd4DqJzQ3,,
Les Troubles (Beta v4),"1,064,320",,https://discord.gg/Unvky7ywKf,,https://www.roblox.com/groups/12739750
Guerre des tranch√©es,"691,297",,https://discord.gg/xXYXuWtwGE,,
Jour de l'Infamie: Jour-D,"4,779,166",,https://discord.gg/2x5sWqbMHQ,https://youtube.com/channel/UCsk-fFQx4vuOonPSPkQKAZg,
OP√âRATION OVERLORD,"16,252,127",,https://discord.gg/2yhP6BXWNp,,
‚ùÑÔ∏è Bataille pour la Normandie [MISE √Ä JOUR D'HIVER],"1,624,936",https://twitter.com/TeutonnicRealm,https://discord.gg/teutonnia,https://youtube.com/channel/UCEjLFzg91J9iozVdRgRlD_w,
[BETA] Saint-P√©tersbourg,"203,633",,https://discord.gg/tTycHTN4Sa,,
Jeu de r√¥le militaire de la WW2,"7,189,594",,https://discord.gg/BNtBMyS,,https://www.roblox.com/groups/4545116
Navire de guerre RP | HMS Belfast,"18,078,415",https://twitter.com/NavalRoleplay,https://discord.gg/NRPC,,https://www.roblox.com/groups/3534363
‚ùÑÔ∏è Jeu de r√¥le sous-marin,"17,728,042",,https://discord.gg/GK7A4SS,,https://www.roblox.com/groups/3297339
"[VWRP] Tay Ninh, Vietnam","5,083,389",https://twitter.com/FouledRBLX,https://discord.gg/vwrp,https://youtube.com/channel/UCVaUEa37V7C8wNB96PWPJrw,
BGTP,"2,322,842",,https://discord.gg/dUx5B5T,,
√âtat de l'anarchie 0.18 CORRECTIONS D'√âTABLISSEMENT DE DATA,"17,601,403",https://twitter.com/SoAOfficial__,https://discord.gg/stateofanarchy,,
[0.21.10] Deadline,"17,940,344",https://twitter.com/recoildeadline,https://discord.gg/uCdTrz3,https://youtube.com/channel/UCqnTRoeF1lbiG60EADh9hwQ,
√âquipe de feu [v0.2.0e],"12,879,703",,https://discord.gg/uzbtTjEqJW,,
[MISE √Ä JOUR !] La guerre de l'Est,"7,267,615",,https://discord.gg/STfSXurSym,https://youtube.com/channel/UCJ-0_XuFRR01fFCb9Au7y_w,
Desert War [ALPHA],"1,091,481",,https://discord.gg/YU5fM7Fjpy,,https://www.roblox.com/groups/33045184
(PG-7VR!) Winter Arrival - [4.6.0],"1,382,614",,https://discord.gg/VpssrKRs2M,,
'94 REMASTERED,"5,028,529",,https://discord.gg/GuhaKv5yK5,https://youtube.com/channel/UCaXsObAOMmc_YORLHLzdZUQ,https://www.roblox.com/groups/14999727
–ï–≤—Ä–æ–ø–µ–π—Å–∫–∞—è –í–æ–π–Ω–∞,"4,002,522",,https://discord.gg/PyY2JtDFd5,https://youtube.com/channel/UCN_k4bbUaBk9tZxl76vM19A,https://www.roblox.com/groups/15529301
{UPDATE!} Bakhmut [–ë–∞—Ö–º—É—Ç],"1,275,321",,https://discord.gg/y8AmkstZEn,,
Appel √† la guerre,"1,780,140",,https://discord.gg/4xJ9Mc8pSQ,,
–ß–µ—á–Ω—è roleplay,"3,977,178",,https://discord.gg/RcdBCfdjks,,
Lames Sanglantes [ALPHA],"17,787,436",,https://discord.gg/blades,,
Napoleonic Wars,"5,998,001",,https://discord.gg/napoleonic,,
Marque des batailles de guerre,"6,642,274",,https://discord.gg/mow,,
‚öîÔ∏è D√©chue Drapeau V2,"2,181,099",https://twitter.com/defender_games,https://discord.gg/PgbnGMK8sE,,
Waterloo √† la maison,"7,541,578",,https://discord.gg/ZuRsGfT4jH,,
Camden √† la maison,"46,088",,https://discord.gg/EJYsDBdC6R,,https://www.roblox.com/groups/33078943
Combat de chars √† √©quipage multiple 4,"16,666,939",,https://discord.gg/multicrew,,
Simulateur de char maudit„ÄåLAST RESORT„Äç,"18,622,813",https://twitter.com/TanmkGame,https://discord.gg/tanmk,,
[SAISON 4] Steel Titans Beta 2.8.1,"16,269,006",,https://discord.gg/steeltitans,,
Simulateur de char r√©aliste 2.0 [BETA],"249,722",,https://discord.gg/aKfEkpxvn3,,
N√©o Warfare X [BETA],"24,578,255",,https://discord.gg/mfsx,,
[ Contenu supprim√© ],"10,119,901",,https://discord.gg/cTrgVBweee,,
GUERRE R√âALISTE,"9,469,126",,https://discord.gg/aVgm7uVUJj,https://youtube.com/channel/UCFwXXqhzxciC497MVvNkKkw,https://www.roblox.com/groups/11666030
D√âFENSE R√âALISTE,"6,508,330",,https://discord.gg/aVgm7uVUJj,https://youtube.com/channel/UCFwXXqhzxciC497MVvNkKkw,https://www.roblox.com/groups/11666030
[MISE √Ä JOUR + 4X] D√©fense de la tour All Star,"6,882,255,941",https://twitter.com/AllStarTowerDef,https://discord.gg/allstar,,
Deepwoken: Verset 2,"685,682,310",https://twitter.com/Deepwoken,https://discord.gg/deepwoken,,
Planificateur de tenue Deepwoken,"709,926",,https://discord.gg/sPr8WvQzqy,,
Deepwoken Playground,"883,646",,https://discord.gg/BhpdS9845K,,
fakewoken 3 [test de combat],"7,553,231",,https://discord.gg/RxZ6CStTsA,,
Eldus Valley (ALPHA),"170,931",,https://discord.gg/NNFKNjvAEg,,
Mondes de M√©moire,"304,250",https://twitter.com/MemoriaWorlds,https://discord.gg/4XdQePrU9U,,https://www.roblox.com/groups/13308111
Jeu de Lore,"3,919,086",,https://discord.gg/87fCUd3cXd,https://youtube.com/channel/UCynUHcsmXcpLHlhpHWviguw,
Baluarte,"5,163,417",,https://discord.gg/Jm2DZjVmEJ,,
55 jours √† P√©kin,"4,578,954",,https://discord.gg/3eHBhrF,,
Essai de mousquet [CARGES],"6,782,925",,https://discord.gg/musket,,https://www.roblox.com/groups/3585667
[‚õ™LEIPZIG] Napoleonic Tower Defence,"1,574,456",,https://discord.gg/MpHrVqC3QR,,https://www.roblox.com/groups/33472308
Tankery! [MISE √Ä JOUR DE L'√âQUILIBRE],"23,017,847",https://twitter.com/Greg_Tame,https://discord.gg/RSk9xFs,,
[ üéâ PINATA!] Vieux simulateur d'animal de compagnie X! üêæ,"2,369,055",,https://discord.gg/oldpsx,,
[UPD] champs de bataille OP,"3,659,262",,https://discord.gg/opbattlegrounds,,
Clover Battlegrounds,"8,262,742",https://twitter.com/AmineZribi6,https://discord.gg/HHrZ4aBceM,,
[ ‚ú® ] Entra√Æneur de vis√©e MM2,"121,069,923",https://twitter.com/bluxyl_rblx,https://discord.gg/SXC3zkUNnR,https://youtube.com/c/Bluxyl,
[ üéÑ XMAS!!!] MM2 de Flico (R15),"10,475,984",,https://discord.gg/NjDaB5wurZ,,
5v5 MM2 Mansion 2,"155,997,243",,https://discord.gg/DbSDHEhv9k,,
5v5 MM2 Milbase,"87,533,619",,https://discord.gg/DbSDHEhv9k,,
5v5 MM2 Factory,"43,591,849",,https://discord.gg/DbSDHEhv9k,,
5v5 MM2 House 2,"24,529,450",,https://discord.gg/DbSDHEhv9k,,
5v5 MM2 Remastered! [BETA],"2,782,745",,https://discord.gg/rh5fzr9QDX,,
MM2 NPC KILL 2,"4,985,869",,https://discord.gg/q8Qeq9spUt,https://youtube.com/channel/UCVFHrOIXbfbysDPYyxbkmPw,
MM2 NPC TUER,"3,609,731",,https://discord.gg/q8Qeq9spUt,https://youtube.com/channel/UCVFHrOIXbfbysDPYyxbkmPw,
üåà ##### MM2üåà (R15),"822,922",,https://discord.gg/wR7X8YzDtD,,
[TRAITORüò±] San's MM2 ‚ú®,"1,302,389",,https://discord.gg/WnKf8qnVpR,,
[üí´BACK!] Plasma's Murder Mystery 2 [MM2],"4,008,148",,https://discord.gg/PW7ngee3Ky,,
[ üå∏ MISE √Ä JOUR] MM2 de Sky,"1,331,637",,https://discord.gg/hpVucfM4Dy,https://youtube.com/channel/UCpyHH9tPFRHGiM49nsBTuHQ,https://www.roblox.com/groups/16677548
[ ‚ù§Ô∏è VALENTINES!] Myst√®re du meurtre de Dylan Frost [MM2],"7,250,206",,https://discord.gg/zCJXTNgw4Y,https://youtube.com/channel/UC6fDWreGFRNshjSlzCntSng,
[BACK!] Murder Mystery V,"30,863,097",,https://discord.gg/vhVbNE69Pe,,
[‚ö°HACKER] Prodigy's Murder Mystery 2,"4,170,886",,https://discord.gg/eUmzKAg42m,,
[‚öîÔ∏èDUELS] Rose's Murder Mystery 2 (R15),"3,899,935",,https://discord.gg/clickercreations,,
[ üé™ POMNI] Myst√®re du meurtre de Plat 2,"3,913,408",,https://discord.gg/GjaxJ9PV3w,,
[‚öîÔ∏èDUELS] Heart's Murder Mystery 2,"9,244,743",,https://discord.gg/clickercreations,,
‚ù§Ô∏è Nik's Murder Sandbox,"7,879,489",,https://discord.gg/niks,,
[üì±TIKTOK] Epic's Murder Mystery 2,"28,793,630",,https://discord.gg/xEqTTykdtS,,
"FORTBLOX (hide hiding survive the killer, evade)","19,069,448",,,,https://www.roblox.com/groups/16823418
‚ù§Ô∏èOlivia's MM2,"42,486,080",,https://discord.gg/darks-mm2,,
[24 heures] √àre des grimoires,"4,292,914",,https://discord.gg/gamefunzy,,
[SOLO LEVELING] Combattants de donjon d'anime,"9,516,613",,https://discord.gg/CkJ87rKFez,,
[UPD 6.5] Anime Souls Simulator X,"8,635,371",https://twitter.com/Paida_sc,https://discord.gg/animesoulsx,https://youtube.com/channel/UCueV3jpKmYkZLxNdL2YNbAA,
[UPD 5] Anime Fantasy Simulator,"2,390,344",,https://discord.gg/rgM2xvSAGa,,
[DUNGEON] Anime Revolution Simulator,"2,291,534",https://twitter.com/anmrevolution,https://discord.gg/animerevolution,https://youtube.com/channel/UCURdZlfGPI9um_F4Ojpfgyw,
[UPD 4] Free Anime Infinity Simulator,"1,981,900",https://twitter.com/JosephWithR,https://discord.gg/kUanSEugdE,,
Anime Champions Simulator,"182,567,677",https://twitter.com/RealDaireb,https://discord.gg/animechampions,https://youtube.com/channel/UC6I93KUM26eGCXnUHBpTOOg,
[TERRE DE G√¢teau + √ÇME] Champs de bataille de fruits,"329,328,421",https://twitter.com/ZakSSJ,https://discord.gg/popo,https://youtube.com/channel/UCsC4qeznqnl_9O4er1lq27A,
Terrains de bataille de pi√®ces,"2,583,924",,https://discord.gg/nuhjRWUT4A,,
