Name, Visits, Twitter, Discord, YouTube, Roblox group
Simulateur de Ruche,"2,560,213,145",https://twitter.com/OnettDev,https://discord.gg/bee,https://youtube.com/channel/UCKevc-tX3tpddHg6NbTjrPQ,
BSSG,"1,198,543",,https://discord.gg/TzxePHUXVQ,,
Simulateur d'abeilles,"687,060",,https://discord.gg/9GqmssRahf,,
[X2 EVENT] Bee Swarm Simulator X,"116,056",,https://discord.gg/8pCq4HBDwb,,
Lieu de rencontre de l'essaim d'abeilles,"1,512,562",,https://discord.gg/9p9pYfryAw,,https://www.roblox.com/groups/10850650
[X2 EVENT] Bee Swarm Simulator X,"116,056",,https://discord.gg/8pCq4HBDwb,,
BSSG,"1,198,543",,https://discord.gg/TzxePHUXVQ,,
Simulateur de Ruche,"2,560,230,368",https://twitter.com/OnettDev,https://discord.gg/bee,https://youtube.com/channel/UCKevc-tX3tpddHg6NbTjrPQ,
Simulateur de Ruche,"2,560,235,521",https://twitter.com/OnettDev,https://discord.gg/bee,https://youtube.com/channel/UCKevc-tX3tpddHg6NbTjrPQ,
Simulateur de Ruche,"2,560,241,765",https://twitter.com/OnettDev,https://discord.gg/bee,https://youtube.com/channel/UCKevc-tX3tpddHg6NbTjrPQ,N/A
Simulateur de Ruche,"2,560,271,032",https://twitter.com/OnettDev,https://discord.gg/bee,https://youtube.com/channel/UCKevc-tX3tpddHg6NbTjrPQ,
BSSG,"1,198,543",,https://discord.gg/TzxePHUXVQ,,
Simulateur d'abeilles,"687,152",,https://discord.gg/9GqmssRahf,,
[X2 EVENT] Bee Swarm Simulator X,"118,051",,https://discord.gg/8pCq4HBDwb,,
[ExpÃ©rience Or] Stand Sakura,"171,843,022",,https://discord.gg/sakurastand,,
Heaven Stand : Rework [In-dev],"4,024,742",,https://discord.gg/d5tXJw2B3r,,
[UPDATE] Heaven : Stand,"14,939,840",,https://discord.gg/d5tXJw2B3r,,
[ExpÃ©rience Or] Stand Sakura,"171,843,086",,https://discord.gg/sakurastand,,
Un temps universel 3.0,"660,993,054",https://twitter.com/kur_Development,https://discord.gg/aut,,https://www.roblox.com/groups/6556072
[ExpÃ©rience Or] Stand Sakura,"171,843,161",,https://discord.gg/sakurastand,,
[UPDATE] Heaven : Stand,"14,939,866",,https://discord.gg/d5tXJw2B3r,,
Cursed Arena,"54,062,041",,https://discord.gg/BVpjUpE8Qf,,
Curse Battlegrounds,"5,320,635",,https://discord.gg/7jh2u3sbZ7,,
Cursed Arena,"54,062,093",,https://discord.gg/BVpjUpE8Qf,,
[HAKARI + HUGE UPDATE] Sukuna Battlegrounds,"1,913,836",,https://discord.gg/2RR5JrCksW,https://youtube.com/channel/UC8yNRI0st_9iel0LA6Wyw-g,
Curse Battlegrounds,"5,320,635",,https://discord.gg/7jh2u3sbZ7,,
[HAKARI + HUGE UPDATE] Sukuna Battlegrounds,"1,913,850",,https://discord.gg/2RR5JrCksW,https://youtube.com/channel/UC8yNRI0st_9iel0LA6Wyw-g,
Cursed Arena,"54,062,218",,https://discord.gg/BVpjUpE8Qf,,
Heaven Stand : Rework [In-dev],"4,024,825",,https://discord.gg/d5tXJw2B3r,,
[MISE Ã€ JOUR 0.5] VERROUILLÃ‰,"8,721,107",,https://discord.gg/uVG8Pju5XY,,
[BETA] META LOCK,"7,420,828",,https://discord.gg/u2xD3zNMuM,,https://www.roblox.com/groups/32054827
[IMPACT] Striker ODYSSEY,"25,626,282",,https://discord.gg/strikerodyssey,https://youtube.com/channel/UCKYJu3BqV7cXyRUGlcYD7nQ,https://www.roblox.com/groups/16992334
[CC RELEASE] Jeu de verrouillage bleu sans titre,"2,122,899",,https://discord.gg/ublg,,
[BETA] META LOCK,"7,420,828",,https://discord.gg/u2xD3zNMuM,,https://www.roblox.com/groups/32054827
Nouvelle ligue de soccer,"56,759,105",https://twitter.com/awsninjagames,https://discord.gg/nsl,,
[IMPACT] Striker ODYSSEY,"25,626,282",,https://discord.gg/strikerodyssey,https://youtube.com/channel/UCKYJu3BqV7cXyRUGlcYD7nQ,https://www.roblox.com/groups/16992334
Nouvelle ligue de soccer,"56,759,169",https://twitter.com/awsninjagames,https://discord.gg/nsl,,
[MISE Ã€ JOUR 0.5] VERROUILLÃ‰,"8,721,167",,https://discord.gg/uVG8Pju5XY,,
Projet Smash,"24,560,634",https://twitter.com/tinyponds,https://discord.gg/projectsmash,,
[MaÃ®trise] Z Battlegrounds,"186,513,277",,https://discord.gg/ZBATTLEGROUNDS,,
Champs de bataille des hÃ©ros,"164,093,457",,https://discord.gg/cAmgPYBPzJ,,
[MaÃ®trise] Z Battlegrounds,"186,513,315",,https://discord.gg/ZBATTLEGROUNDS,,
[MAP + UPDATE] Ki Battlegrounds,"1,461,608",,https://discord.gg/kibattlegrounds,,
Ninja Battlegrounds [Early Access],"1,779,847",https://twitter.com/LDGStudios,https://discord.gg/lightningdragon,https://youtube.com/channel/UCjb2w_zo8WmyD3buW_1UJlw,
[SANJI] Pirate Battlegrounds [PRE-ALPHA],"17,799,001",,https://discord.gg/pbg,,
Champs de bataille des mers,"21,596,345",https://twitter.com/jers_e,https://discord.gg/seasbg,,
[SANJI] Pirate Battlegrounds [PRE-ALPHA],"17,799,001",,https://discord.gg/pbg,,
Ninja Battlegrounds [Early Access],"1,779,920",https://twitter.com/LDGStudios,https://discord.gg/lightningdragon,https://youtube.com/channel/UCjb2w_zo8WmyD3buW_1UJlw,
[MaÃ®trise] Z Battlegrounds,"186,513,436",,https://discord.gg/ZBATTLEGROUNDS,,
Curse Battlegrounds,"5,320,730",,https://discord.gg/7jh2u3sbZ7,,
[MaÃ®trise] Z Battlegrounds,"186,513,472",,https://discord.gg/ZBATTLEGROUNDS,,
Cursed Arena,"54,062,594",,https://discord.gg/BVpjUpE8Qf,,
L'expÃ©rience de la prÃ©sentation,"323,005,396",https://twitter.com/minimalgamesX,https://discord.gg/A4g9DxfZt9,,https://www.roblox.com/groups/12564376
Spray Paint! (Peinture en AÃ©rosol),"864,857,496",,https://discord.gg/spraypaint,,https://www.roblox.com/groups/2632146
[ðŸŽ¥Ã‰PISODE 2] Twilight Daycare,"2,033,114,426",https://twitter.com/gamefamstudios,https://discord.gg/dVbcQFR,https://youtube.com/channel/UCT7c9nz7F6xbyncBOzOp6Bw,
[ELDERLY!] Maple Hospital,"947,502,411",https://twitter.com/Nezwo1,https://discord.gg/marizma,,
[ðŸŽ¥Ã‰PISODE 2] Twilight Daycare,"2,033,113,772",https://twitter.com/gamefamstudios,https://discord.gg/dVbcQFR,https://youtube.com/channel/UCT7c9nz7F6xbyncBOzOp6Bw,
FÃŠTE DðŸŽ‰ANIMAUX ðŸŽ‰,"305,435,368",,https://discord.gg/ch3MVPxFDr,https://youtube.com/channel/UC6moLQPuPJqKVX2be7SZuTA,https://www.roblox.com/groups/8327387
[ðŸŽ¥Ã‰PISODE 2] Twilight Daycare,"2,033,113,872",https://twitter.com/gamefamstudios,https://discord.gg/dVbcQFR,https://youtube.com/channel/UCT7c9nz7F6xbyncBOzOp6Bw,
Obby facile Ã  cultiver,"259,549,892",https://twitter.com/EGrowObby,https://discord.gg/n8GWd5TX9A,,
Obby mais tu ne peux pas sauter,"223,636,813",,https://discord.gg/6M9w8Vx9QN,,
Simulateur de Ruche,"2,560,295,125",https://twitter.com/OnettDev,https://discord.gg/bee,https://youtube.com/channel/UCKevc-tX3tpddHg6NbTjrPQ,
Simulateur de Ruche,"2,560,295,582",https://twitter.com/OnettDev,https://discord.gg/bee,https://youtube.com/channel/UCKevc-tX3tpddHg6NbTjrPQ,
BSSG,"1,198,543",,https://discord.gg/TzxePHUXVQ,,
Simulateur d'abeilles,"687,193",,https://discord.gg/9GqmssRahf,,
[X2 EVENT] Bee Swarm Simulator X,"118,676",,https://discord.gg/8pCq4HBDwb,,
Lieu de rencontre de l'essaim d'abeilles,"1,512,831",,https://discord.gg/9p9pYfryAw,,https://www.roblox.com/groups/10850650
[X2 EVENT] Bee Swarm Simulator X,"118,702",,https://discord.gg/8pCq4HBDwb,,
BSSG,"1,198,543",,https://discord.gg/TzxePHUXVQ,,
